{
  "cookies": [
    {
      "name": "wordpress_test_cookie",
      "value": "WP%20Cookie%20check",
      "domain": "elementor1.local",
      "path": "/",
      "expires": -1,
      "httpOnly": false,
      "secure": false,
      "sameSite": "Lax"
    },
    {
      "name": "wordpress_c3499b801bc09a77631066d0043d675b",
      "value": "admin%7C1716105404%7CHISaEyAJScOZvD72P8EEG1CAN1rg6NetwdRpae34mE8%7Ce94baa04bb3c74a713eee74a44a28eb3a3df9595d6470bb6176a026dd1b96f01",
      "domain": "elementor1.local",
      "path": "/",
      "expires": -1,
      "httpOnly": false,
      "secure": false,
      "sameSite": "Lax"
    },
    {
      "name": "wordpress_logged_in_c3499b801bc09a77631066d0043d675b",
      "value": "admin%7C1716105404%7CHISaEyAJScOZvD72P8EEG1CAN1rg6NetwdRpae34mE8%7C068433c09d5562e7f6afdd8c275385b417337a884449f98eb62c02e90ba8c756",
      "domain": "elementor1.local",
      "path": "/",
      "expires": -1,
      "httpOnly": false,
      "secure": false,
      "sameSite": "Lax"
    },
    {
      "name": "wp-settings-1",
      "value": "libraryContent%3Dbrowse%26uploader%3D1%26editor%3Dtinymce",
      "domain": "elementor1.local",
      "path": "/",
      "expires": 1747468605.395771,
      "httpOnly": false,
      "secure": false,
      "sameSite": "Lax"
    },
    {
      "name": "wp-settings-time-1",
      "value": "1715932605",
      "domain": "elementor1.local",
      "path": "/",
      "expires": 1747468605.395928,
      "httpOnly": false,
      "secure": false,
      "sameSite": "Lax"
    }
  ],
  "origins": []
}